{
  "Total" : {
    "transaction" : "Total",
    "sampleCount" : 30,
    "errorCount" : 0,
    "errorPct" : 0.0,
    "meanResTime" : 1248.866666666667,
    "medianResTime" : 280.0,
    "minResTime" : 266.0,
    "maxResTime" : 3228.0,
    "pct1ResTime" : 3215.2000000000003,
    "pct2ResTime" : 3226.35,
    "pct3ResTime" : 3228.0,
    "throughput" : 7.909306617453203,
    "receivedKBytesPerSec" : 169.37038623780649,
    "sentKBytesPerSec" : 1.0169844120748748
  },
  "Aboutus" : {
    "transaction" : "Aboutus",
    "sampleCount" : 10,
    "errorCount" : 0,
    "errorPct" : 0.0,
    "meanResTime" : 277.4,
    "medianResTime" : 278.0,
    "minResTime" : 271.0,
    "maxResTime" : 282.0,
    "pct1ResTime" : 281.9,
    "pct2ResTime" : 282.0,
    "pct3ResTime" : 282.0,
    "throughput" : 30.48780487804878,
    "receivedKBytesPerSec" : 466.6360994664634,
    "sentKBytesPerSec" : 4.019388338414634
  },
  "All Courses" : {
    "transaction" : "All Courses",
    "sampleCount" : 10,
    "errorCount" : 0,
    "errorPct" : 0.0,
    "meanResTime" : 276.4,
    "medianResTime" : 279.0,
    "minResTime" : 266.0,
    "maxResTime" : 282.0,
    "pct1ResTime" : 281.9,
    "pct2ResTime" : 282.0,
    "pct3ResTime" : 282.0,
    "throughput" : 29.673590504451038,
    "receivedKBytesPerSec" : 520.2730897626112,
    "sentKBytesPerSec" : 3.9700018545994062
  },
  "home- Kaushalya" : {
    "transaction" : "home- Kaushalya",
    "sampleCount" : 10,
    "errorCount" : 0,
    "errorPct" : 0.0,
    "meanResTime" : 3192.8,
    "medianResTime" : 3182.0,
    "minResTime" : 3175.0,
    "maxResTime" : 3228.0,
    "pct1ResTime" : 3227.7,
    "pct2ResTime" : 3228.0,
    "pct3ResTime" : 3228.0,
    "throughput" : 3.0959752321981426,
    "receivedKBytesPerSec" : 97.22390189628483,
    "sentKBytesPerSec" : 0.3718798374613003
  }
}